Time (min),Interpolated Value
0.0,0.0
1.0,0.342857
2.0,0.685714
3.0,1.028571
3.5,1.2
4.5,1.542857
5.5,1.885714
6.5,2.228571
7.0,2.4
8.0,2.6
9.0,2.8
